{"cameraMode":{"drawMode":0,"name":"Shaded","section":"Shading Mode"},"sceneLighting":true,"audioPlay":false,"sceneViewState":{"m_AlwaysRefresh":false,"showFog":true,"showSkybox":true,"showFlares":true,"showImageEffects":true,"showParticleSystems":true,"showVisualEffectGraphs":true,"m_FxEnabled":false},"in2DMode":false,"pivot":{"x":193.82379150390626,"y":1.7129998207092286,"z":156.92848205566407},"rotation":{"x":-0.06211339309811592,"y":0.9370421171188355,"z":-0.2626760005950928,"w":-0.22157689929008485},"size":1.8318175077438355,"orthographic":false}