{"cameraMode":{"drawMode":0,"name":"Shaded","section":"Shading Mode"},"sceneLighting":true,"audioPlay":false,"sceneViewState":{"m_AlwaysRefresh":false,"showFog":true,"showSkybox":true,"showFlares":true,"showImageEffects":true,"showParticleSystems":true,"showVisualEffectGraphs":true,"m_FxEnabled":false},"in2DMode":false,"pivot":{"x":167.12794494628907,"y":12.749615669250489,"z":126.39602661132813},"rotation":{"x":0.12198905646800995,"y":0.3213273882865906,"z":-0.04179101437330246,"w":0.9381259679794312},"size":2.408784866333008,"orthographic":true}