{"cameraMode":{"drawMode":0,"name":"Shaded","section":"Shading Mode"},"sceneLighting":true,"audioPlay":false,"sceneViewState":{"m_AlwaysRefresh":false,"showFog":true,"showSkybox":true,"showFlares":true,"showImageEffects":true,"showParticleSystems":true,"showVisualEffectGraphs":true,"m_FxEnabled":false},"in2DMode":false,"pivot":{"x":7.0004072189331059,"y":4.938036918640137,"z":-7.047739505767822},"rotation":{"x":0.010807318612933159,"y":0.01649288460612297,"z":-0.0001788869994925335,"w":0.9997864961624146},"size":5.662364482879639,"orthographic":false}